{
  "PreviousHotkey": "",
  "Hotkey": "Alt \u002B Space",
  "UseCentralizedKeyboardHook": false,
  "SearchQueryResultsWithDelay": true,
  "SearchInputDelayFast": 50,
  "SearchInputDelay": 150,
  "SearchQueryTuningEnabled": false,
  "SearchWaitForSlowResults": false,
  "SearchClickedItemWeight": 5,
  "Theme": 0,
  "StartupPosition": 0,
  "PTRunNonDelayedSearchInParallel": true,
  "PTRSearchQueryFastResultsWithDelay": false,
  "ShouldUsePinyin": false,
  "WindowLeft": 533,
  "WindowTop": 240.5,
  "MaxResultsToShow": 4,
  "ActivateTimes": 1,
  "HideWhenDeactivated": true,
  "ClearInputOnLaunch": false,
  "TabSelectsContextButtons": true,
  "RememberLastLaunchLocation": false,
  "ShowPluginsOverview": 0,
  "TitleFontSize": 16,
  "IgnoreHotkeysOnFullscreen": false,
  "StartedFromPowerToysRunner": true,
  "GenerateThumbnailsFromFiles": true,
  "LastQueryMode": "Selected"
}